-- Adminer 4.3.1 MySQL dump

SET NAMES utf8;
SET time_zone = '+00:00';
SET foreign_key_checks = 0;
SET sql_mode = 'NO_AUTO_VALUE_ON_ZERO';

DROP TABLE IF EXISTS `autoclave`;
CREATE TABLE `autoclave` (
  `id_autoclave` int(11) NOT NULL AUTO_INCREMENT,
  `dampak_lingkungan` int(11) NOT NULL,
  `kebutuhan_lahan` int(11) NOT NULL,
  `efektifitas_treatment` int(11) NOT NULL,
  `limbah_tajam` int(11) NOT NULL,
  `limbah infeksius` int(11) NOT NULL,
  `id_expert` int(11) NOT NULL,
  PRIMARY KEY (`id_autoclave`)
) ENGINE=InnoDB DEFAULT CHARSET=latin1;

INSERT INTO `autoclave` (`id_autoclave`, `dampak_lingkungan`, `kebutuhan_lahan`, `efektifitas_treatment`, `limbah_tajam`, `limbah infeksius`, `id_expert`) VALUES
(1,	80,	90,	60,	60,	70,	1),
(2,	90,	70,	60,	80,	60,	2),
(3,	90,	90,	50,	50,	40,	3);

DROP TABLE IF EXISTS `expert`;
CREATE TABLE `expert` (
  `id_expert` int(11) NOT NULL,
  `expert` varchar(10) NOT NULL
) ENGINE=InnoDB DEFAULT CHARSET=latin1;

INSERT INTO `expert` (`id_expert`, `expert`) VALUES
(1,	'1'),
(2,	'2'),
(3,	'3'),
(1,	'1'),
(2,	'2'),
(3,	'3');

DROP TABLE IF EXISTS `gedung`;
CREATE TABLE `gedung` (
  `id_gedung` int(10) NOT NULL AUTO_INCREMENT,
  `nama_gedung` varchar(40) NOT NULL,
  PRIMARY KEY (`id_gedung`)
) ENGINE=InnoDB DEFAULT CHARSET=latin1;

INSERT INTO `gedung` (`id_gedung`, `nama_gedung`) VALUES
(1,	'Irna Teratai'),
(2,	'Instalasi Gawat Darurat'),
(3,	'Irna Prof. Soelarto'),
(4,	'Instalasi Bougenvile'),
(5,	'Paviliun Anggrek');

DROP TABLE IF EXISTS `insinerator`;
CREATE TABLE `insinerator` (
  `id_insinerator` int(11) NOT NULL,
  `dampak_lingkungan` int(11) NOT NULL,
  `kebutuhan_lahan` int(11) NOT NULL,
  `efektifitas_treatment` int(11) NOT NULL,
  `limbah_tajam` int(11) NOT NULL,
  `limbah_infeksius` int(11) NOT NULL,
  `id_expert` varchar(11) NOT NULL,
  PRIMARY KEY (`id_insinerator`)
) ENGINE=InnoDB DEFAULT CHARSET=latin1;

INSERT INTO `insinerator` (`id_insinerator`, `dampak_lingkungan`, `kebutuhan_lahan`, `efektifitas_treatment`, `limbah_tajam`, `limbah_infeksius`, `id_expert`) VALUES
(1,	20,	30,	80,	40,	80,	'1'),
(2,	20,	40,	100,	90,	90,	'2'),
(3,	30,	30,	90,	50,	100,	'3');

DROP TABLE IF EXISTS `jenis_limbah`;
CREATE TABLE `jenis_limbah` (
  `id_jenis_limbah` int(11) NOT NULL AUTO_INCREMENT,
  `jenis_limbah` varchar(200) NOT NULL,
  `nilai` float NOT NULL,
  `id_expert` int(11) NOT NULL,
  `id_tipe` int(11) NOT NULL,
  PRIMARY KEY (`id_jenis_limbah`)
) ENGINE=InnoDB DEFAULT CHARSET=latin1;

INSERT INTO `jenis_limbah` (`id_jenis_limbah`, `jenis_limbah`, `nilai`, `id_expert`, `id_tipe`) VALUES
(1,	'Limbah Medis Tajam',	0,	0,	0),
(2,	'Limbah Medis Infeksius',	0,	0,	0);

DROP TABLE IF EXISTS `master_fuzzy`;
CREATE TABLE `master_fuzzy` (
  `id_fuzzy` int(11) NOT NULL AUTO_INCREMENT,
  `dampak_lingkungan` float NOT NULL,
  `kebutuhan_lahan` float NOT NULL,
  `efektifitas_treatment` float NOT NULL,
  `tajam` float NOT NULL,
  `infeksius` float NOT NULL,
  `id_expert` int(11) NOT NULL,
  `id_tipe` int(11) NOT NULL,
  PRIMARY KEY (`id_fuzzy`),
  KEY `id_tipe` (`id_tipe`)
) ENGINE=InnoDB DEFAULT CHARSET=latin1;

INSERT INTO `master_fuzzy` (`id_fuzzy`, `dampak_lingkungan`, `kebutuhan_lahan`, `efektifitas_treatment`, `tajam`, `infeksius`, `id_expert`, `id_tipe`) VALUES
(1,	80,	90,	60,	60,	70,	1,	1),
(2,	90,	70,	60,	80,	60,	2,	1),
(3,	90,	90,	50,	50,	40,	3,	1),
(4,	80,	80,	60,	50,	80,	1,	2),
(5,	90,	70,	60,	80,	60,	2,	2),
(6,	50,	80,	50,	20,	20,	3,	2),
(7,	20,	30,	80,	40,	80,	1,	3),
(8,	20,	40,	100,	90,	90,	2,	3),
(9,	30,	30,	90,	50,	100,	3,	3);

DROP TABLE IF EXISTS `master_tipe`;
CREATE TABLE `master_tipe` (
  `id_tipe` int(11) NOT NULL AUTO_INCREMENT,
  `tipe` varchar(255) NOT NULL,
  `biaya` int(11) NOT NULL,
  PRIMARY KEY (`id_tipe`)
) ENGINE=InnoDB DEFAULT CHARSET=latin1;

INSERT INTO `master_tipe` (`id_tipe`, `tipe`, `biaya`) VALUES
(1,	'Autoclave',	11000),
(2,	'Microwave',	7000),
(3,	'Insinerator',	14000);

DROP TABLE IF EXISTS `microwave`;
CREATE TABLE `microwave` (
  `id_microwave` int(11) NOT NULL AUTO_INCREMENT,
  `dampak_lingkungan` int(11) NOT NULL,
  `kebutuhan_lahan` int(11) NOT NULL,
  `efektifitas_treatment` int(11) NOT NULL,
  `limbah_tajam` int(11) NOT NULL,
  `limbah_infeksius` int(11) NOT NULL,
  `id_expert` int(11) NOT NULL,
  PRIMARY KEY (`id_microwave`)
) ENGINE=InnoDB DEFAULT CHARSET=latin1;

INSERT INTO `microwave` (`id_microwave`, `dampak_lingkungan`, `kebutuhan_lahan`, `efektifitas_treatment`, `limbah_tajam`, `limbah_infeksius`, `id_expert`) VALUES
(1,	80,	80,	60,	50,	80,	1),
(2,	90,	70,	60,	80,	60,	2),
(3,	50,	80,	50,	20,	20,	3);

DROP TABLE IF EXISTS `transaksi_limbah`;
CREATE TABLE `transaksi_limbah` (
  `id_transaksi` int(10) NOT NULL AUTO_INCREMENT,
  `id_jenis_limbah` int(10) NOT NULL,
  `jumlah` float NOT NULL,
  `tanggal` date NOT NULL,
  `gedung` int(10) NOT NULL,
  `lantai` int(10) NOT NULL,
  PRIMARY KEY (`id_transaksi`),
  KEY `id_jenis_limbah` (`id_jenis_limbah`)
) ENGINE=InnoDB DEFAULT CHARSET=latin1;

INSERT INTO `transaksi_limbah` (`id_transaksi`, `id_jenis_limbah`, `jumlah`, `tanggal`, `gedung`, `lantai`) VALUES
(1,	1,	10,	'2018-04-28',	1,	10),
(2,	1,	1,	'2018-04-28',	1,	20),
(3,	2,	100,	'2017-01-01',	4,	4),
(4,	2,	88,	'2017-01-02',	2,	2),
(5,	1,	45,	'2017-01-03',	3,	3),
(6,	2,	22,	'2017-01-04',	2,	2),
(7,	2,	79,	'2017-01-05',	1,	1),
(8,	1,	70,	'2017-01-06',	3,	3),
(9,	1,	65,	'2017-01-07',	4,	4),
(10,	1,	18,	'2017-01-08',	2,	2),
(11,	2,	29,	'2017-01-09',	4,	4),
(12,	1,	28,	'2017-01-10',	2,	2),
(13,	2,	68,	'2017-01-11',	4,	4),
(14,	1,	66,	'2017-01-12',	5,	5),
(15,	1,	27,	'2017-01-13',	3,	3),
(16,	1,	57,	'2017-01-14',	2,	2),
(17,	2,	87,	'2017-01-15',	5,	5),
(18,	1,	48,	'2017-01-16',	1,	1),
(19,	1,	14,	'2017-01-17',	5,	5),
(20,	1,	63,	'2017-01-18',	3,	3),
(21,	1,	33,	'2017-01-19',	2,	2),
(22,	2,	55,	'2017-01-20',	3,	3),
(23,	1,	72,	'2017-01-21',	4,	4),
(24,	1,	8.5,	'2018-01-22',	4,	4),
(25,	2,	116.5,	'2018-01-22',	3,	3),
(26,	1,	8,	'2018-01-23',	1,	1),
(27,	2,	114,	'2018-01-23',	5,	5),
(28,	1,	9.5,	'2018-01-24',	4,	4),
(29,	2,	128.5,	'2018-01-24',	5,	5),
(30,	1,	12.5,	'2018-01-25',	4,	4),
(31,	2,	122.5,	'2018-01-25',	5,	5),
(32,	1,	7,	'2018-01-26',	1,	1),
(33,	2,	123,	'2018-01-26',	1,	1),
(34,	1,	6,	'2018-01-27',	3,	3),
(35,	2,	127,	'2018-01-27',	4,	4),
(36,	1,	6,	'2017-01-28',	4,	4),
(37,	2,	125,	'2018-01-28',	3,	3),
(38,	2,	79,	'2017-02-06',	4,	4),
(39,	2,	50,	'2017-02-07',	3,	3),
(40,	2,	94,	'2017-02-08',	5,	5),
(41,	2,	27,	'2017-02-09',	4,	4),
(42,	2,	78,	'2017-02-10',	2,	2),
(43,	1,	89,	'2017-02-11',	3,	3),
(44,	2,	66,	'2017-02-12',	1,	1),
(45,	2,	67,	'2017-02-13',	3,	3),
(46,	1,	80,	'2017-02-14',	5,	5),
(47,	2,	25,	'2017-02-15',	2,	2),
(48,	2,	87,	'2017-02-16',	1,	1),
(49,	2,	52,	'2017-02-17',	5,	5),
(50,	1,	76,	'2017-02-18',	4,	4),
(51,	1,	96,	'2017-02-19',	3,	3),
(52,	2,	95,	'2017-02-20',	3,	3),
(53,	1,	88,	'2017-02-21',	5,	5),
(54,	2,	90,	'2017-02-22',	2,	2),
(55,	2,	75,	'2017-02-23',	2,	2),
(56,	2,	56,	'2017-02-24',	2,	2),
(57,	1,	30,	'2017-02-25',	5,	5),
(58,	1,	51,	'2017-02-26',	2,	2),
(59,	2,	87,	'2017-02-27',	5,	5),
(60,	1,	23,	'2017-02-28',	1,	1),
(63,	2,	93,	'2017-03-01',	3,	3),
(64,	2,	72,	'2017-03-02',	5,	5),
(65,	1,	82,	'2017-03-03',	5,	5),
(66,	1,	46,	'2017-03-04',	4,	4),
(67,	1,	90,	'2017-03-05',	4,	4),
(68,	2,	29,	'2017-03-06',	2,	2),
(69,	2,	92,	'2017-03-07',	4,	4),
(70,	1,	78,	'2017-03-08',	3,	3),
(71,	2,	12,	'2017-03-09',	1,	1),
(72,	2,	24,	'2017-03-10',	3,	3),
(73,	2,	26,	'2017-03-11',	3,	3),
(74,	1,	78,	'2017-03-12',	5,	5),
(75,	1,	84,	'2017-03-13',	2,	2),
(76,	1,	73,	'2017-03-14',	1,	1),
(77,	1,	95,	'2017-03-15',	3,	3),
(78,	2,	91,	'2017-03-16',	5,	5),
(79,	1,	52,	'2017-03-17',	2,	2),
(80,	1,	16,	'2017-03-18',	5,	5),
(81,	2,	16,	'2017-03-19',	1,	1),
(82,	1,	99,	'2017-03-20',	5,	5),
(83,	2,	49,	'2017-03-21',	5,	5),
(84,	2,	16,	'2017-03-22',	4,	4),
(85,	1,	34,	'2017-03-23',	3,	3),
(86,	1,	18,	'2017-03-24',	5,	5),
(87,	1,	40,	'2017-03-25',	5,	5),
(88,	2,	27,	'2017-03-26',	4,	4),
(89,	2,	80,	'2017-03-27',	4,	4),
(90,	1,	69,	'2017-03-28',	1,	1),
(91,	1,	42,	'2017-03-29',	5,	5),
(92,	2,	44,	'2017-03-30',	5,	5),
(93,	1,	94,	'2017-04-01',	2,	2),
(94,	2,	33,	'2017-04-02',	2,	2),
(95,	2,	69,	'2017-04-03',	2,	2),
(96,	1,	62,	'2017-04-04',	5,	5),
(97,	2,	65,	'2017-04-05',	4,	4),
(98,	2,	78,	'2017-04-06',	5,	5),
(99,	2,	11,	'2017-04-07',	5,	5),
(100,	2,	30,	'2017-04-08',	2,	2),
(101,	1,	43,	'2017-04-09',	4,	4),
(102,	2,	63,	'2017-04-10',	3,	3),
(103,	2,	61,	'2017-04-11',	1,	1),
(104,	2,	69,	'2017-04-12',	3,	3),
(105,	1,	57,	'2017-04-13',	1,	1),
(106,	1,	30,	'2017-04-14',	2,	2),
(107,	2,	38,	'2017-04-15',	2,	2),
(108,	2,	70,	'2017-04-16',	2,	2),
(109,	2,	89,	'2017-04-17',	3,	3),
(110,	2,	77,	'2017-04-18',	5,	5),
(111,	2,	14,	'2017-04-19',	5,	5),
(112,	2,	86,	'2017-04-20',	2,	2),
(113,	2,	87,	'2017-04-21',	4,	4),
(114,	2,	34,	'2017-04-22',	4,	4),
(115,	2,	39,	'2017-04-23',	4,	4),
(116,	1,	89,	'2017-04-24',	3,	3),
(117,	2,	96,	'2017-04-25',	5,	5),
(118,	2,	34,	'2017-04-26',	4,	4),
(119,	1,	84,	'2017-04-27',	2,	2),
(120,	1,	54,	'2017-04-28',	1,	1),
(121,	2,	96,	'2017-04-29',	1,	1),
(122,	1,	19,	'2017-04-30',	3,	3),
(123,	1,	36,	'2017-05-01',	1,	1),
(124,	1,	39,	'2017-05-02',	1,	1),
(125,	1,	83,	'2017-05-03',	4,	4),
(126,	1,	20,	'2017-05-04',	5,	5),
(127,	2,	68,	'2017-05-05',	3,	3),
(128,	1,	78,	'2017-05-06',	3,	3),
(129,	1,	84,	'2017-05-07',	4,	4),
(130,	2,	39,	'2017-05-08',	2,	2),
(131,	1,	92,	'2017-05-09',	4,	4),
(132,	2,	87,	'2017-05-10',	3,	3),
(133,	2,	52,	'2017-05-11',	3,	3),
(134,	1,	92,	'2017-05-12',	1,	1),
(135,	1,	27,	'2017-05-13',	2,	2),
(136,	2,	13,	'2017-05-14',	5,	5),
(137,	2,	34,	'2017-05-15',	2,	2),
(138,	1,	60,	'2017-05-16',	1,	1),
(139,	1,	60,	'2017-05-17',	3,	3),
(140,	2,	49,	'2017-05-18',	5,	5),
(141,	2,	21,	'2017-05-19',	3,	3),
(142,	2,	82,	'2017-05-20',	5,	5),
(143,	2,	45,	'2017-05-21',	3,	3),
(144,	1,	83,	'2017-05-22',	1,	1),
(145,	1,	24,	'2017-05-23',	4,	4),
(146,	2,	95,	'2017-05-24',	1,	1),
(147,	2,	71,	'2017-05-25',	3,	3),
(148,	1,	49,	'2017-05-26',	2,	2),
(149,	2,	54,	'2017-05-27',	1,	1),
(150,	1,	58,	'2017-05-28',	5,	5),
(151,	1,	95,	'2017-05-29',	2,	2),
(152,	2,	14,	'2017-05-30',	5,	5),
(153,	1,	17,	'2017-06-01',	2,	2),
(154,	2,	12,	'2017-06-02',	1,	1),
(155,	1,	39,	'2017-06-03',	3,	3),
(156,	2,	69,	'2017-06-04',	4,	4),
(157,	1,	62,	'2017-06-05',	4,	4),
(158,	2,	96,	'2017-06-06',	1,	1),
(159,	1,	86,	'2017-06-07',	4,	4),
(160,	2,	99,	'2017-06-08',	2,	2),
(161,	1,	11,	'2017-06-09',	2,	2),
(162,	2,	14,	'2017-06-10',	3,	3),
(163,	1,	29,	'2017-06-11',	1,	1),
(164,	2,	88,	'2017-06-12',	1,	1),
(165,	1,	54,	'2017-06-13',	4,	4),
(166,	2,	55,	'2017-06-14',	3,	3),
(167,	2,	83,	'2017-06-15',	2,	2),
(168,	2,	20,	'2017-06-16',	1,	1),
(169,	2,	93,	'2017-06-17',	2,	2),
(170,	1,	48,	'2017-06-18',	1,	1),
(171,	1,	51,	'2017-06-19',	3,	3),
(172,	2,	25,	'2017-06-20',	3,	3),
(173,	2,	63,	'2017-06-21',	5,	5),
(174,	2,	74,	'2017-06-22',	4,	4),
(175,	2,	12,	'2017-06-23',	5,	5),
(176,	2,	70,	'2017-06-24',	2,	2),
(177,	2,	30,	'2017-06-25',	5,	5),
(178,	2,	95,	'2017-06-26',	3,	3),
(179,	1,	89,	'2017-06-27',	5,	5),
(180,	1,	96,	'2017-06-28',	3,	3),
(181,	1,	27,	'2017-06-29',	1,	1),
(182,	2,	52,	'2017-06-30',	4,	4),
(183,	1,	27,	'2017-07-01',	3,	3),
(184,	2,	46,	'2017-07-02',	3,	3),
(185,	1,	78,	'2017-07-03',	5,	5),
(186,	2,	28,	'2017-07-04',	2,	2),
(187,	2,	73,	'2017-07-05',	2,	2),
(188,	1,	54,	'2017-07-06',	1,	1),
(189,	2,	66,	'2017-07-07',	4,	4),
(190,	1,	32,	'2017-07-08',	5,	5),
(191,	2,	39,	'2017-07-09',	4,	4),
(192,	2,	61,	'2017-07-10',	1,	1),
(193,	1,	40,	'2017-07-11',	3,	3),
(194,	2,	99,	'2017-07-12',	4,	4),
(195,	2,	72,	'2017-07-13',	4,	4),
(196,	1,	86,	'2017-07-14',	4,	4),
(197,	1,	24,	'2017-07-15',	2,	2),
(198,	1,	89,	'2017-07-16',	4,	4),
(199,	1,	60,	'2017-07-17',	2,	2),
(200,	1,	100,	'2017-07-18',	3,	3),
(201,	2,	26,	'2017-07-19',	1,	1),
(202,	1,	71,	'2017-07-20',	4,	4),
(203,	1,	78,	'2017-07-21',	1,	1),
(204,	1,	57,	'2017-07-22',	1,	1),
(205,	1,	16,	'2017-07-23',	4,	4),
(206,	1,	78,	'2017-07-24',	3,	3),
(207,	2,	76,	'2017-07-25',	1,	1),
(208,	1,	45,	'2017-07-26',	4,	4),
(209,	2,	89,	'2017-07-27',	1,	1),
(210,	2,	68,	'2017-07-28',	3,	3),
(211,	1,	80,	'2017-07-29',	4,	4),
(212,	2,	91,	'2017-07-30',	2,	2),
(213,	2,	22,	'2017-08-01',	4,	4),
(214,	1,	15,	'2017-08-02',	1,	1),
(215,	2,	22,	'2017-08-03',	4,	4),
(216,	1,	47,	'2017-08-04',	1,	1),
(217,	2,	54,	'2017-08-05',	4,	4),
(218,	2,	21,	'2017-08-06',	1,	1),
(219,	2,	34,	'2017-08-07',	4,	4),
(220,	1,	63,	'2017-08-08',	4,	4),
(221,	1,	89,	'2017-08-09',	3,	3),
(222,	1,	83,	'2017-08-10',	5,	5),
(223,	2,	35,	'2017-08-11',	2,	2),
(224,	2,	90,	'2017-08-12',	3,	3),
(225,	2,	84,	'2017-08-13',	1,	1),
(226,	2,	75,	'2017-08-14',	4,	4),
(227,	1,	64,	'2017-08-15',	4,	4),
(228,	2,	69,	'2017-08-16',	5,	5),
(229,	1,	16,	'2017-08-17',	1,	1),
(230,	1,	19,	'2017-08-18',	3,	3),
(231,	2,	42,	'2017-08-19',	2,	2),
(232,	2,	19,	'2017-08-20',	2,	2),
(233,	2,	83,	'2017-08-21',	4,	4),
(234,	2,	39,	'2017-08-22',	4,	4),
(235,	1,	97,	'2017-08-23',	2,	2),
(236,	2,	41,	'2017-08-24',	5,	5),
(237,	1,	66,	'2017-08-25',	2,	2),
(238,	2,	32,	'2017-08-26',	1,	1),
(239,	1,	90,	'2017-08-27',	2,	2),
(240,	1,	32,	'2017-08-28',	4,	4),
(241,	2,	75,	'2017-08-29',	5,	5),
(242,	2,	92,	'2017-08-30',	4,	4),
(243,	2,	79,	'2017-09-01',	4,	4),
(244,	1,	10,	'2017-09-02',	4,	4),
(245,	1,	43,	'2017-09-03',	2,	2),
(246,	2,	49,	'2017-09-04',	2,	2),
(247,	2,	75,	'2017-09-05',	1,	1),
(248,	2,	19,	'2017-09-06',	3,	3),
(249,	1,	45,	'2017-09-07',	4,	4),
(250,	2,	84,	'2017-09-08',	5,	5),
(251,	2,	50,	'2017-09-09',	4,	4),
(252,	2,	54,	'2017-09-10',	3,	3),
(253,	2,	84,	'2017-09-11',	3,	3),
(254,	2,	23,	'2017-09-12',	1,	1),
(255,	1,	84,	'2017-09-13',	2,	2),
(256,	2,	50,	'2017-09-14',	3,	3),
(257,	1,	92,	'2017-09-15',	1,	1),
(258,	2,	82,	'2017-09-16',	2,	2),
(259,	1,	72,	'2017-09-17',	3,	3),
(260,	2,	81,	'2017-09-18',	4,	4),
(261,	1,	85,	'2017-09-19',	1,	1),
(262,	1,	62,	'2017-09-20',	5,	5),
(263,	2,	51,	'2017-09-21',	1,	1),
(264,	1,	55,	'2017-09-22',	4,	4),
(265,	2,	44,	'2017-09-23',	3,	3),
(266,	1,	36,	'2017-09-24',	1,	1),
(267,	1,	85,	'2017-09-25',	1,	1),
(268,	1,	52,	'2017-09-26',	4,	4),
(269,	2,	58,	'2017-09-27',	2,	2),
(270,	1,	24,	'2017-09-28',	3,	3),
(271,	2,	16,	'2017-09-29',	3,	3),
(272,	1,	66,	'2017-09-30',	2,	2),
(273,	2,	11,	'2017-10-01',	3,	3),
(274,	2,	80,	'2017-10-02',	2,	2),
(275,	1,	52,	'2017-10-03',	2,	2),
(276,	2,	40,	'2017-10-04',	3,	3),
(277,	1,	20,	'2017-10-05',	3,	3),
(278,	2,	11,	'2017-10-06',	4,	4),
(279,	2,	35,	'2017-10-07',	3,	3),
(280,	1,	76,	'2017-10-08',	5,	5),
(281,	1,	22,	'2017-10-09',	5,	5),
(282,	1,	91,	'2017-10-10',	5,	5),
(283,	2,	17,	'2017-10-11',	3,	3),
(284,	2,	70,	'2017-10-12',	1,	1),
(285,	2,	89,	'2017-10-13',	4,	4),
(286,	2,	75,	'2017-10-14',	2,	2),
(287,	1,	82,	'2017-10-15',	1,	1),
(288,	1,	86,	'2017-10-16',	1,	1),
(289,	2,	99,	'2017-10-17',	1,	1),
(290,	2,	72,	'2017-10-18',	4,	4),
(291,	2,	73,	'2017-10-19',	1,	1),
(292,	2,	79,	'2017-10-20',	1,	1),
(293,	2,	99,	'2017-10-21',	3,	3),
(294,	1,	60,	'2017-10-22',	1,	1),
(295,	1,	98,	'2017-10-23',	2,	2),
(296,	1,	49,	'2017-10-24',	2,	2),
(297,	2,	79,	'2017-10-25',	3,	3),
(298,	1,	69,	'2017-10-26',	2,	2),
(299,	2,	26,	'2017-10-27',	3,	3),
(300,	1,	16,	'2017-10-28',	3,	3),
(301,	2,	56,	'2017-10-29',	2,	2),
(302,	1,	30,	'2017-10-30',	2,	2),
(303,	2,	85,	'2017-11-01',	5,	5),
(304,	2,	71,	'2017-11-02',	3,	3),
(305,	2,	11,	'2017-11-03',	5,	5),
(306,	1,	27,	'2017-11-04',	2,	2),
(307,	2,	88,	'2017-11-05',	3,	3),
(308,	1,	43,	'2017-11-06',	1,	1),
(309,	1,	26,	'2017-11-07',	3,	3),
(310,	1,	41,	'2017-11-08',	3,	3),
(311,	1,	70,	'2017-11-09',	3,	3),
(312,	2,	13,	'2017-11-10',	1,	1),
(313,	2,	73,	'2017-11-11',	2,	2),
(314,	1,	57,	'2017-11-12',	4,	4),
(315,	2,	10,	'2017-11-13',	2,	2),
(316,	2,	90,	'2017-11-14',	3,	3),
(317,	1,	22,	'2017-11-15',	2,	2),
(318,	2,	92,	'2017-11-16',	2,	2),
(319,	1,	90,	'2017-11-17',	4,	4),
(320,	2,	58,	'2017-11-18',	4,	4),
(321,	2,	89,	'2017-11-19',	2,	2),
(322,	2,	50,	'2017-11-20',	3,	3),
(323,	2,	66,	'2017-11-21',	2,	2),
(324,	2,	53,	'2017-11-22',	3,	3),
(325,	1,	84,	'2017-11-23',	1,	1),
(326,	2,	91,	'2017-11-24',	5,	5),
(327,	1,	18,	'2017-11-25',	2,	2),
(328,	1,	26,	'2017-11-26',	3,	3),
(329,	1,	14,	'2017-11-27',	2,	2),
(330,	1,	56,	'2017-11-28',	5,	5),
(331,	2,	72,	'2017-11-29',	2,	2),
(332,	1,	99,	'2017-11-30',	2,	2),
(333,	1,	40,	'2017-12-01',	2,	2),
(334,	1,	50,	'2017-12-02',	4,	4),
(335,	1,	88,	'2017-12-03',	4,	4),
(336,	2,	55,	'2017-12-04',	1,	1),
(337,	2,	63,	'2017-12-05',	1,	1),
(338,	2,	82,	'2017-12-06',	3,	3),
(339,	2,	72,	'2017-12-07',	1,	1),
(340,	1,	34,	'2017-12-08',	4,	4),
(341,	2,	98,	'2017-12-09',	5,	5),
(342,	1,	79,	'2017-12-10',	1,	1),
(343,	1,	79,	'2017-12-11',	2,	2),
(344,	1,	57,	'2017-12-12',	1,	1),
(345,	1,	16,	'2017-12-13',	2,	2),
(346,	1,	58,	'2017-12-14',	3,	3),
(347,	2,	40,	'2017-12-15',	1,	1),
(348,	1,	29,	'2017-12-16',	3,	3),
(349,	2,	80,	'2017-12-17',	4,	4),
(350,	1,	44,	'2017-12-18',	1,	1),
(351,	2,	63,	'2017-12-19',	1,	1),
(352,	1,	32,	'2017-12-20',	5,	5),
(353,	1,	51,	'2017-12-21',	5,	5),
(354,	2,	73,	'2017-12-22',	3,	3),
(355,	2,	40,	'2017-12-23',	5,	5),
(356,	2,	31,	'2017-12-24',	1,	1),
(357,	2,	49,	'2017-12-25',	1,	1),
(358,	1,	97,	'2017-12-26',	3,	3),
(359,	2,	31,	'2017-12-27',	1,	1),
(360,	2,	48,	'2017-12-28',	3,	3),
(361,	1,	41,	'2017-12-29',	3,	3),
(362,	1,	12,	'2017-12-30',	1,	1),
(363,	2,	63,	'2018-01-01',	5,	5),
(364,	1,	19,	'2018-01-02',	5,	5),
(365,	1,	86,	'2018-01-03',	5,	5),
(366,	1,	33,	'2018-01-04',	1,	1),
(367,	1,	91,	'2018-01-05',	1,	1),
(368,	2,	26,	'2018-01-06',	1,	1),
(369,	2,	63,	'2018-01-07',	2,	2),
(370,	2,	87,	'2018-01-08',	5,	5),
(371,	2,	12,	'2018-01-09',	2,	2),
(372,	1,	69,	'2018-01-10',	5,	5),
(373,	2,	54,	'2018-01-11',	3,	3),
(374,	1,	53,	'2018-01-12',	2,	2),
(375,	2,	46,	'2018-01-13',	3,	3),
(376,	1,	75,	'2018-01-14',	4,	4),
(377,	1,	83,	'2018-01-15',	5,	5),
(378,	2,	27,	'2018-01-16',	4,	4),
(379,	2,	83,	'2018-01-17',	2,	2),
(380,	2,	48,	'2018-01-18',	4,	4),
(381,	2,	53,	'2018-01-19',	5,	5),
(382,	1,	34,	'2018-01-20',	2,	2),
(383,	2,	86,	'2018-01-21',	5,	5),
(384,	2,	70,	'2018-01-22',	2,	2),
(385,	2,	83,	'2018-01-23',	5,	5),
(386,	2,	94,	'2018-01-24',	1,	1),
(387,	2,	53,	'2018-01-25',	5,	5),
(388,	1,	50,	'2018-01-26',	3,	3),
(389,	1,	77,	'2018-01-27',	1,	1),
(390,	1,	90,	'2018-01-28',	4,	4),
(391,	1,	16,	'2018-01-29',	1,	1),
(392,	2,	48,	'2018-01-30',	5,	5),
(393,	1,	97,	'2018-02-01',	5,	5),
(394,	1,	26,	'2018-02-02',	5,	5),
(395,	2,	64,	'2018-02-03',	3,	3),
(396,	1,	97,	'2018-02-04',	1,	1),
(397,	2,	74,	'2018-02-05',	3,	3),
(398,	2,	82,	'2018-02-06',	5,	5),
(399,	2,	97,	'2018-02-07',	1,	1),
(400,	2,	10,	'2018-02-08',	2,	2),
(401,	2,	33,	'2018-02-09',	4,	4),
(402,	2,	13,	'2018-02-10',	1,	1),
(403,	2,	57,	'2018-02-11',	1,	1),
(404,	1,	28,	'2018-02-12',	4,	4),
(405,	1,	63,	'2018-02-13',	3,	3),
(406,	1,	78,	'2018-02-14',	1,	1),
(407,	1,	51,	'2018-02-15',	3,	3),
(408,	2,	97,	'2018-02-16',	5,	5),
(409,	2,	60,	'2018-02-17',	1,	1),
(410,	1,	26,	'2018-02-18',	1,	1),
(411,	1,	57,	'2018-02-19',	5,	5),
(412,	2,	74,	'2018-02-20',	5,	5),
(413,	2,	39,	'2018-02-21',	3,	3),
(414,	2,	22,	'2018-02-22',	1,	1),
(415,	1,	46,	'2018-02-23',	2,	2),
(416,	1,	31,	'2018-02-24',	1,	1),
(417,	2,	43,	'2018-02-25',	4,	4),
(418,	2,	85,	'2018-02-26',	1,	1),
(419,	1,	95,	'2018-02-27',	3,	3),
(420,	2,	33,	'2018-02-28',	5,	5),
(423,	2,	50,	'2018-03-01',	3,	3),
(424,	1,	83,	'2018-03-02',	4,	4),
(425,	1,	61,	'2018-03-03',	5,	5),
(426,	1,	15,	'2018-03-04',	4,	4),
(427,	2,	12,	'2018-03-05',	3,	3),
(428,	1,	45,	'2018-03-06',	4,	4),
(429,	1,	37,	'2018-03-07',	3,	3),
(430,	2,	57,	'2018-03-08',	3,	3),
(431,	1,	10,	'2018-03-09',	1,	1),
(432,	1,	38,	'2018-03-10',	2,	2),
(433,	1,	45,	'2018-03-11',	3,	3),
(434,	1,	22,	'2018-03-12',	4,	4),
(435,	2,	98,	'2018-03-13',	4,	4),
(436,	2,	34,	'2018-03-14',	1,	1),
(437,	1,	87,	'2018-03-15',	4,	4),
(438,	1,	59,	'2018-03-16',	5,	5),
(439,	1,	84,	'2018-03-17',	1,	1),
(440,	2,	88,	'2018-03-18',	3,	3),
(441,	2,	84,	'2018-03-19',	4,	4),
(442,	2,	26,	'2018-03-20',	4,	4),
(443,	2,	21,	'2018-03-21',	3,	3),
(444,	1,	15,	'2018-03-22',	2,	2),
(445,	1,	23,	'2018-03-23',	3,	3),
(446,	1,	20,	'2018-03-24',	4,	4),
(447,	2,	46,	'2018-03-25',	5,	5),
(448,	2,	59,	'2018-03-26',	2,	2),
(449,	2,	62,	'2018-03-27',	2,	2),
(450,	1,	38,	'2018-03-28',	3,	3),
(451,	2,	96,	'2018-03-29',	2,	2),
(452,	1,	88,	'2018-03-30',	4,	4),
(453,	2,	55,	'2018-04-01',	2,	2),
(454,	2,	90,	'2018-04-02',	4,	4),
(455,	2,	84,	'2018-04-03',	3,	3),
(456,	2,	61,	'2018-04-04',	1,	1),
(457,	1,	14,	'2018-04-05',	5,	5),
(458,	1,	72,	'2018-04-06',	3,	3),
(459,	2,	95,	'2018-04-07',	1,	1),
(460,	1,	69,	'2018-04-08',	1,	1),
(461,	2,	15,	'2018-04-09',	4,	4),
(462,	1,	44,	'2018-04-10',	4,	4),
(463,	2,	52,	'2018-04-11',	4,	4),
(464,	1,	78,	'2018-04-12',	2,	2),
(465,	1,	58,	'2018-04-13',	1,	1),
(466,	1,	61,	'2018-04-14',	2,	2),
(467,	2,	93,	'2018-04-15',	4,	4),
(468,	1,	97,	'2018-04-16',	3,	3),
(469,	1,	70,	'2018-04-17',	1,	1),
(470,	2,	82,	'2018-04-18',	1,	1),
(471,	1,	18,	'2018-04-19',	4,	4),
(472,	2,	18,	'2018-04-20',	5,	5),
(473,	2,	79,	'2018-04-21',	2,	2),
(474,	1,	38,	'2018-04-22',	4,	4),
(475,	2,	64,	'2018-04-23',	2,	2),
(476,	1,	33,	'2018-04-24',	3,	3),
(477,	1,	85,	'2018-04-25',	2,	2),
(478,	2,	73,	'2018-04-26',	2,	2),
(479,	1,	47,	'2018-04-27',	3,	3),
(480,	1,	95,	'2018-04-28',	4,	4),
(481,	1,	13,	'2018-04-29',	2,	2),
(482,	1,	32,	'2018-04-30',	4,	4),
(483,	1,	97,	'2018-05-01',	3,	3),
(484,	2,	57,	'2018-05-02',	5,	5),
(485,	2,	51,	'2018-05-03',	5,	5),
(486,	1,	31,	'2018-05-04',	1,	1),
(487,	2,	77,	'2018-05-05',	3,	3),
(488,	2,	17,	'2018-05-06',	1,	1),
(489,	1,	19,	'2018-05-07',	2,	2),
(490,	2,	60,	'2018-05-08',	5,	5),
(491,	1,	38,	'2018-05-09',	1,	1),
(492,	2,	30,	'2018-05-10',	4,	4),
(493,	2,	45,	'2018-05-11',	1,	1),
(494,	2,	59,	'2018-05-12',	5,	5),
(495,	1,	95,	'2018-05-13',	4,	4),
(496,	1,	85,	'2018-05-14',	3,	3),
(497,	1,	59,	'2018-05-15',	5,	5),
(498,	1,	68,	'2018-05-16',	2,	2),
(499,	1,	95,	'2018-05-17',	5,	5),
(500,	2,	88,	'2018-05-18',	4,	4),
(501,	1,	80,	'2018-05-19',	4,	4),
(502,	1,	31,	'2018-05-20',	3,	3),
(503,	2,	94,	'2018-05-21',	2,	2),
(504,	1,	68,	'2018-05-22',	1,	1),
(505,	1,	49,	'2018-05-23',	5,	5),
(506,	2,	25,	'2018-05-24',	1,	1),
(507,	1,	66,	'2018-05-25',	3,	3),
(508,	1,	44,	'2018-05-26',	2,	2),
(509,	2,	10,	'2018-05-27',	1,	1),
(510,	2,	83,	'2018-05-28',	4,	4),
(511,	2,	25,	'2018-05-29',	4,	4),
(512,	1,	15,	'2018-05-30',	3,	3);

DROP TABLE IF EXISTS `user`;
CREATE TABLE `user` (
  `id_user` int(10) NOT NULL AUTO_INCREMENT,
  `nama` varchar(20) NOT NULL,
  `username` varchar(10) NOT NULL,
  `password` varchar(10) NOT NULL,
  `level` varchar(2) NOT NULL,
  PRIMARY KEY (`id_user`)
) ENGINE=InnoDB DEFAULT CHARSET=latin1;

INSERT INTO `user` (`id_user`, `nama`, `username`, `password`, `level`) VALUES
(1,	'Sari',	'sanitasi',	'sanitasi',	'1');

-- 2018-04-28 06:55:52
